{
  "previousPageCursor": null,
  "nextPageCursor": null,
  "data": [
    {
      "id": "9c33744f-fb8e-4e15-bbe4-c9ed18f04d23",
      "maxPlayers": 8,
      "playerTokens": [],
      "players": [],
      "fps": 60.013039
    },
    {
      "id": "5e8aa003-906c-4188-a928-e5a1372e4bd6",
      "maxPlayers": 8,
      "playerTokens": [],
      "players": [],
      "fps": 59.987896,
      "ping": 28
    },
    {
      "id": "c2d32985-5341-4586-b4f5-1239f6c1d734",
      "maxPlayers": 8,
      "playing": 1,
      "playerTokens": [
        "F63C7D93E2E0DEB9611E96519B77FCF1"
      ],
      "players": [],
      "fps": 59.982719,
      "ping": 3221
    },
    {
      "id": "22b55923-af45-4e11-80ba-27c9e959e631",
      "maxPlayers": 8,
      "playing": 1,
      "playerTokens": [
        "56C694AEB915FC06A0E83DC460EFB332"
      ],
      "players": [],
      "fps": 59.873543,
      "ping": 85
    }
  ]
}