{
  "previousPageCursor": null,
  "nextPageCursor": null,
  "data": [
    {
      "id": "4ab4d065-86d8-4b91-b75b-27267ce30c82",
      "maxPlayers": 8,
      "playing": 1,
      "playerTokens": [
        "12D1FA96BA1AC5057446BE7E887AE9A5"
      ],
      "players": [],
      "fps": 59.844215,
      "ping": 154
    },
    {
      "id": "f8d1ec74-7670-4101-9038-d7cf0d4c56d5",
      "maxPlayers": 8,
      "playing": 1,
      "playerTokens": [
        "9C9B4804396658D3D5E7E33013AC633D"
      ],
      "players": [],
      "fps": 59.986668,
      "ping": 263
    }
  ]
}