{
  "previousPageCursor": null,
  "nextPageCursor": null,
  "data": [
    {
      "id": "e27d177d-87e1-48b8-ac85-3988ffd47e87",
      "maxPlayers": 8,
      "playerTokens": [],
      "players": [],
      "fps": 59.988205,
      "ping": 8
    },
    {
      "id": "6045f165-dc2a-437d-b8e4-588ab4811760",
      "maxPlayers": 8,
      "playerTokens": [],
      "players": [],
      "fps": 59.989235,
      "ping": 157
    },
    {
      "id": "f6ecce79-c7b6-4e21-beb7-4cef41e5770f",
      "maxPlayers": 8,
      "playing": 1,
      "playerTokens": [
        "03CC84F4578282D3C7484552559D3BBD"
      ],
      "players": [],
      "fps": 59.987247,
      "ping": 37
    }
  ]
}